,City,Lat,Lng,Max Temp,Humidity,Cloudiness,Wind Speed,Country,Date
0,Puerto Ayora,-0.74,-90.35,68.0,96,79,5.99,EC,1595556616
1,Szentgotthárd,46.95,16.27,63.0,71,74,1.99,HU,1595556747
2,Malaṅgawā,26.86,85.56,83.41,75,78,10.6,NP,1595556614
3,Mizdah,31.45,12.98,62.35,81,0,3.09,LY,1595556747
4,Payson,40.04,-111.73,77.0,33,75,13.87,US,1595556747
5,Carnarvon,-24.87,113.63,64.4,55,0,14.99,AU,1595556706
6,Ashland,40.82,-82.27,73.99,78,90,5.82,US,1595556545
7,Fairbanks,64.84,-147.72,66.2,48,20,19.46,US,1595556452
8,Bredasdorp,-34.53,20.04,51.8,93,0,5.82,ZA,1595556609
9,New Norfolk,-42.78,147.06,51.01,81,100,2.82,AU,1595556699
10,Punta Arenas,-53.15,-70.92,39.2,80,100,21.92,CL,1595556662
11,Ilulissat,69.22,-51.1,50.0,66,100,1.12,GL,1595556715
12,Busselton,-33.65,115.33,57.99,72,41,8.93,AU,1595556703
13,Deputatsky,69.3,139.9,81.09,27,23,7.52,RU,1595556748
14,Tura,25.52,90.22,75.94,96,98,5.08,IN,1595556697
15,Hermanus,-34.42,19.23,54.0,79,0,3.0,ZA,1595556545
16,Hithadhoo,-0.6,73.08,83.1,68,96,9.44,MV,1595556706
17,Quatre Cocos,-20.21,57.76,68.0,60,40,12.75,MU,1595556748
18,Kawalu,-7.38,108.21,75.99,73,100,3.4,ID,1595556748
19,Ushuaia,-54.8,-68.3,37.4,87,75,12.75,AR,1595556700
20,Ulladulla,-35.35,150.47,61.0,63,0,4.7,AU,1595556746
21,Oranjemund,-28.55,16.43,68.36,25,0,8.75,NA,1595556749
22,Rikitea,-23.12,-134.97,67.26,59,44,13.87,PF,1595556699
23,Hervey Bay,-25.3,152.85,64.0,95,71,5.99,AU,1595556749
24,Te Anau,-45.42,167.72,43.97,70,90,6.53,NZ,1595556718
25,Kapaa,22.08,-159.32,82.99,74,75,11.41,US,1595556704
26,Hasaki,35.73,140.83,81.0,88,75,4.7,JP,1595556722
27,Belmonte,-15.86,-38.88,69.8,94,90,3.36,BR,1595556749
28,Laguna,38.42,-121.42,89.6,31,1,11.41,US,1595556584
29,Cabedelo,-6.98,-34.83,73.4,88,37,5.82,BR,1595556749
30,Barrow,71.29,-156.79,39.2,93,90,10.29,US,1595556550
31,Avarua,-21.21,-159.78,73.4,94,1,4.7,CK,1595556715
32,Toktogul,41.87,72.94,72.81,44,99,0.4,KG,1595556749
33,Vaini,-21.2,-175.2,75.2,83,40,5.82,TO,1595556605
34,George Town,5.41,100.34,84.2,83,20,3.36,MY,1595556724
35,Esperance,-33.87,121.9,51.8,87,40,4.7,AU,1595556645
36,Bluff,-46.6,168.33,46.78,71,100,26.64,NZ,1595556708
37,Vostok,46.49,135.88,68.81,77,91,2.46,RU,1595556559
38,Liberty,31.83,-81.5,82.4,69,20,3.36,US,1595556453
39,Mahébourg,-20.41,57.7,68.0,60,40,12.75,MU,1595556605
40,Mayo,38.89,-76.51,82.0,74,75,11.41,US,1595556712
41,Albany,42.6,-73.97,75.0,97,30,5.21,US,1595556702
42,Comodoro Rivadavia,-45.87,-67.5,28.4,92,0,5.23,AR,1595556720
43,Mount Gambier,-37.83,140.77,50.0,71,100,14.99,AU,1595556566
44,Asău,46.43,26.4,57.99,98,44,3.69,RO,1595556544
45,Omsukchan,62.53,155.8,76.84,28,1,3.89,RU,1595556751
46,Provideniya,64.38,-173.3,53.6,71,90,8.95,RU,1595556725
47,Hobart,-42.88,147.33,51.01,61,75,8.05,AU,1595556656
48,Port Shepstone,-30.74,30.45,57.07,63,0,8.84,ZA,1595556751
49,Jurm,36.86,70.83,75.42,24,0,1.32,AF,1595556664
50,Cairns,-16.92,145.77,78.01,64,75,14.99,AU,1595556597
51,Tyukhtet,56.54,89.3,55.6,69,66,8.68,RU,1595556751
52,Nikolskoye,59.7,30.79,52.0,81,20,2.24,RU,1595556717
53,San-Pédro,4.75,-6.64,74.21,92,100,5.21,CI,1595556752
54,Manbij,36.53,37.95,75.2,57,0,9.31,SY,1595556752
55,Khatanga,71.97,102.5,43.02,92,100,16.33,RU,1595556701
56,Yellowknife,62.46,-114.35,59.0,82,75,17.22,CA,1595556620
57,Yangi Marg`ilon,40.43,71.72,78.8,44,78,11.41,UZ,1595556752
58,Ust-Nera,64.57,143.2,85.1,35,90,1.1,RU,1595556752
59,Kondinskoye,59.65,67.41,60.49,61,37,3.94,RU,1595556752
60,Cape Town,-33.93,18.42,53.6,71,0,5.82,ZA,1595556596
61,Olafsvik,64.89,-23.71,45.21,76,15,19.04,IS,1595556701
62,Verkhnevilyuysk,63.45,120.32,77.36,54,61,2.89,RU,1595556752
63,Sitka,57.05,-135.33,57.2,82,75,11.41,US,1595556626
64,Kyshtovka,56.55,76.63,58.57,75,0,1.54,RU,1595556753
65,Zelenets,61.88,50.75,59.0,100,36,4.47,RU,1595556753
66,Saldanha,-33.01,17.94,63.59,37,0,13.15,ZA,1595556709
67,Vila,42.03,-8.16,63.0,87,0,6.93,PT,1595556753
68,Upernavik,72.79,-56.15,45.28,78,40,9.69,GL,1595556536
69,Kaitangata,-46.28,169.85,46.0,59,100,11.01,NZ,1595556704
70,Ormara,25.21,64.64,84.56,81,100,15.21,PK,1595556753
71,Chokurdakh,70.63,147.92,77.43,47,87,3.94,RU,1595556708
72,Pacific Grove,36.62,-121.92,63.0,82,90,10.29,US,1595556720
73,Bandarbeyla,9.49,50.81,76.26,66,62,29.24,SO,1595556754
74,Port Hardy,50.7,-127.42,59.0,82,90,3.36,CA,1595556707
75,Lac du Bonnet,50.25,-96.06,75.0,99,0,8.01,CA,1595556754
76,Nuristan,35.3,70.83,47.7,66,0,1.52,AF,1595556754
77,Port Keats,-14.25,129.55,82.8,35,0,7.92,AU,1595556754
78,Atuona,-9.8,-139.03,79.48,76,32,18.59,PF,1595556713
79,Mataura,-46.19,168.86,44.1,70,100,9.13,NZ,1595556702
80,Qaanaaq,77.48,-69.36,46.63,55,0,3.24,GL,1595556624
81,Griffith,41.53,-87.42,73.4,83,1,4.7,US,1595556755
82,Tuktoyaktuk,69.45,-133.04,62.6,48,20,17.22,CA,1595556717
83,Gornopravdinsk,60.05,69.9,61.36,66,57,3.31,RU,1595556755
84,Lüderitz,-26.65,15.16,68.0,22,0,3.36,NA,1595556557
85,Hofn,64.25,-15.21,48.2,63,82,13.33,IS,1595556723
86,Krasnooktyabrskiy,44.93,38.37,62.01,80,0,4.16,RU,1595556755
87,Huambo,-12.78,15.74,43.2,61,0,2.06,AO,1595556755
88,Coral Terrace,25.75,-80.3,78.8,88,90,12.46,US,1595556755
89,Palmer,42.16,-72.33,75.2,94,75,2.89,US,1595556715
90,Arraial do Cabo,-22.97,-42.03,69.8,83,5,9.17,BR,1595556541
91,Wanaka,-44.7,169.15,40.93,68,41,4.18,NZ,1595556756
92,Tasiilaq,65.61,-37.64,37.4,93,99,6.93,GL,1595556716
93,Castro,-24.79,-50.01,56.44,77,7,3.47,BR,1595556705
94,Takoradze,4.88,-1.76,73.71,92,77,8.72,GH,1595556722
95,Lorengau,-2.02,147.27,84.65,76,73,10.33,PG,1595556756
96,Ol'ga,43.74,135.29,69.19,75,100,3.4,RU,1595556756
97,Smithers,54.78,-127.17,55.4,82,90,2.24,CA,1595556756
98,Bosaso,11.28,49.18,87.94,44,0,23.29,SO,1595556756
99,Bad Kissingen,50.2,10.08,61.0,78,85,2.35,DE,1595556644
100,Karasuk,53.74,78.04,58.69,62,100,11.16,RU,1595556757
101,Dingle,11.0,122.67,86.27,69,100,1.86,PH,1595556757
102,Chui,-33.7,-53.46,65.05,94,92,5.73,UY,1595556669
103,São Filipe,14.9,-24.5,76.87,86,98,10.76,CV,1595556757
104,Teya,60.38,92.63,52.36,84,100,7.96,RU,1595556757
105,Dikson,73.51,80.55,42.49,88,0,2.68,RU,1595556757
106,North Bend,43.41,-124.22,63.0,82,1,14.99,US,1595556757
107,Vanimo,-2.67,141.3,87.67,58,0,7.2,PG,1595556758
108,Tual,-5.67,132.75,78.89,81,18,19.22,ID,1595556758
109,Mar del Plata,-38.0,-57.56,53.01,100,75,5.82,AR,1595556604
110,Lompoc,34.64,-120.46,64.4,72,4,12.75,US,1595556758
111,Oodweyne,9.41,45.06,70.45,60,100,12.71,SO,1595556758
112,Bohemia,40.77,-73.12,81.0,88,75,6.93,US,1595556759
113,Airai,-8.93,125.41,69.6,40,36,4.16,TL,1595556626
114,Padang,-0.95,100.35,82.31,68,96,1.59,ID,1595556680
115,Shetpe,44.17,52.12,72.48,40,1,1.03,KZ,1595556725
116,Nicoya,10.15,-85.45,75.85,91,100,3.09,CR,1595556759
117,Chachapoyas,-6.23,-77.87,53.42,89,37,2.62,PE,1595556759
118,Luganville,-15.53,167.17,82.4,78,75,9.17,VU,1595556674
119,Port-Cartier,50.03,-66.87,62.01,87,75,2.24,CA,1595556759
120,Mayumba,-3.43,10.66,69.12,87,0,0.92,GA,1595556760
121,Riyadh,24.69,46.72,93.2,30,8,4.7,SA,1595556760
122,Kushmurun,52.45,64.63,64.17,81,100,12.08,KZ,1595556760
123,Fortuna,40.6,-124.16,62.01,82,20,13.87,US,1595556760
124,San Miguel de Tucumán,-26.82,-65.22,46.4,87,90,4.7,AR,1595556760
125,Tiksi,71.69,128.87,66.76,54,3,10.8,RU,1595556709
126,Saint Anthony,45.02,-93.22,77.0,64,1,10.29,US,1595556760
127,Port Alfred,-33.59,26.89,62.2,35,0,8.68,ZA,1595556712
128,Butaritari,3.07,172.79,82.76,77,1,12.86,KI,1595556532
129,Torit,4.41,32.57,66.4,90,22,1.68,SS,1595556761
130,Manokwari,-0.87,134.08,84.78,63,9,3.91,ID,1595556761
131,Mudhol,16.35,75.28,75.52,83,100,3.85,IN,1595556761
132,Saint-Joseph,-21.37,55.62,66.2,59,90,18.34,RE,1595556761
133,Kangasala,61.46,24.08,52.0,93,90,9.17,FI,1595556761
134,Pevek,69.7,170.31,48.36,71,79,8.72,RU,1595556726
135,Tegul'det,57.31,88.17,53.83,86,96,7.83,RU,1595556761
136,Cherskiy,68.75,161.3,73.2,55,0,10.33,RU,1595556541
137,Lagoa,39.05,-27.98,69.04,76,1,6.06,PT,1595556762
138,Bambous Virieux,-20.34,57.76,68.0,68,40,17.22,MU,1595556762
139,Jamestown,42.1,-79.24,71.6,83,90,5.82,US,1595556701
140,Koutsouras,35.03,25.95,79.0,55,0,10.0,GR,1595556762
141,Calama,-22.47,-68.93,39.2,23,0,6.93,CL,1595556717
142,Flin Flon,54.77,-101.86,73.49,84,64,7.2,CA,1595556762
143,Merauke,-8.47,140.33,81.9,68,11,10.76,ID,1595556762
144,Hilo,19.73,-155.09,84.2,58,75,8.05,US,1595556638
145,Paracuru,-3.41,-39.03,80.01,76,84,18.01,BR,1595556763
146,Eydhafushi,5.1,73.07,79.11,84,100,17.65,MV,1595556763
147,Soe,-9.86,124.28,74.37,45,33,6.89,ID,1595556763
148,Tongling,30.95,117.78,76.57,90,100,7.4,CN,1595556763
149,Chabahar,25.29,60.64,84.76,76,90,8.63,IR,1595556763
150,Almaznyy,48.04,40.05,51.8,76,0,4.47,RU,1595556763
151,Trzebnica,51.31,17.06,53.01,87,19,1.12,PL,1595556763
152,Kununurra,-15.77,128.73,80.6,22,0,11.41,AU,1595556763
153,Caravelas,-17.71,-39.25,71.44,90,100,8.34,BR,1595556763
154,Ciudad de Allende,25.28,-100.02,91.4,41,40,5.82,MX,1595556764
155,Torbay,47.67,-52.73,64.4,68,90,17.22,CA,1595556440
156,Dūngarpur,23.83,73.72,80.46,80,11,8.77,IN,1595556764
157,Šibenik,43.73,15.91,73.4,69,0,4.36,HR,1595556764
158,Zarand,30.81,56.56,70.34,22,0,4.21,IR,1595556764
159,Rocha,-34.48,-54.33,64.09,95,100,5.12,UY,1595556764
160,Shahdad Kot,27.85,67.91,94.42,52,0,11.41,PK,1595556764
161,Iqaluit,63.75,-68.51,55.4,66,90,6.93,CA,1595556764
162,Wanlaweyn,2.62,44.89,74.59,70,94,17.83,SO,1595556701
163,Port Lincoln,-34.73,135.87,57.27,54,99,18.19,AU,1595556659
164,Grindavik,63.84,-22.43,48.2,81,40,10.29,IS,1595556765
165,Sirte,31.21,16.59,75.4,82,0,6.6,LY,1595556765
166,Tulum,20.22,-87.47,84.0,88,40,4.7,MX,1595556765
167,Rawson,-43.3,-65.1,38.55,72,96,8.81,AR,1595556733
168,Nabire,-3.37,135.48,84.15,72,14,3.74,ID,1595556752
169,Englehart,47.82,-79.87,71.6,68,1,3.36,CA,1595556765
170,Kavieng,-2.57,150.8,83.07,75,100,6.22,PG,1595556766
171,Ilave,-16.08,-69.67,39.92,65,94,1.03,PE,1595556766
172,Northam,51.03,-4.22,62.01,99,65,7.0,GB,1595556766
173,Lebu,-37.62,-73.65,44.13,71,0,6.67,CL,1595556720
174,East London,-33.02,27.91,60.93,34,0,7.9,ZA,1595556565
175,Ayagoz,47.97,80.44,72.28,40,12,3.83,KZ,1595556766
176,Kungurtug,50.6,97.52,69.31,48,100,1.23,RU,1595556541
177,Gurlan,41.84,60.39,69.8,73,0,4.7,UZ,1595556766
178,Malartic,48.13,-78.13,68.0,68,20,4.7,CA,1595556767
179,Athabasca,54.72,-113.29,61.0,92,100,10.09,CA,1595556767
180,Toora-Khem,52.47,96.11,67.64,47,0,4.38,RU,1595556767
181,Cap Malheureux,-19.98,57.61,68.0,57,95,8.01,MU,1595556767
182,Aksarka,66.56,67.8,55.22,64,100,7.76,RU,1595556668
183,Cilegon,-6.02,106.05,86.0,74,20,3.36,ID,1595556767
184,Mjölby,58.33,15.12,51.8,93,74,6.93,SE,1595556767
185,Ust'-Omchug,61.15,149.63,73.65,38,75,2.08,RU,1595556768
186,Novaya Mayna,54.15,49.75,60.8,77,0,11.18,RU,1595556768
187,Sioux Lookout,50.1,-91.92,77.0,41,40,6.93,CA,1595556768
188,Belyy Yar,53.6,91.39,62.6,72,100,4.47,RU,1595556583
189,Coquimbo,-29.95,-71.34,53.4,67,64,1.68,CL,1595556719
190,Saint-Prosper,46.21,-70.48,64.99,100,10,2.42,CA,1595556768
191,Altamira,-3.2,-52.21,75.56,69,99,2.82,BR,1595556768
192,Mehamn,71.04,27.85,56.55,87,4,5.46,NO,1595556768
193,Beloha,-25.17,45.05,57.78,79,0,9.51,MG,1595556712
194,Tynda,55.17,124.72,62.69,91,100,5.84,RU,1595556769
195,Cayenne,4.93,-52.33,75.2,100,100,4.61,GF,1595556769
196,Ponta do Sol,32.67,-17.1,68.0,72,20,5.82,PT,1595556703
197,Nemuro,43.32,145.57,64.4,93,75,5.82,JP,1595556769
198,Itarema,-2.92,-39.92,77.47,83,100,11.68,BR,1595556623
199,Southbridge,42.08,-72.03,73.0,98,92,3.89,US,1595556769
200,Cockburn Town,21.46,-71.14,83.21,77,13,21.65,TC,1595556663
201,Kikwit,-5.04,18.82,73.98,37,0,0.45,CD,1595556769
202,Bethel,41.37,-73.41,71.6,88,90,9.17,US,1595556709
203,Kalangala,-0.31,32.23,66.2,93,20,5.82,UG,1595556770
204,Lavrentiya,65.58,-171.0,55.47,61,100,8.39,RU,1595556718
205,Grand Gaube,-20.01,57.66,68.0,57,96,8.01,MU,1595556770
206,Hūn,29.13,15.95,68.07,66,0,0.72,LY,1595556770
207,Starkville,33.45,-88.82,87.8,65,1,3.36,US,1595556545
208,Wewak,-3.55,143.63,84.49,72,76,7.18,PG,1595556770
209,Nishihara,26.18,127.76,87.8,79,75,11.41,JP,1595556688
210,Nome,64.5,-165.41,48.2,81,90,9.17,US,1595556706
211,Sabha,27.04,14.43,74.3,34,0,10.78,LY,1595556770
212,Vanavara,60.34,102.28,59.31,71,100,6.31,RU,1595556770
213,Saint Paul Harbor,57.79,-152.41,60.8,63,20,2.66,US,1595556711
214,Ribeira Grande,38.52,-28.7,69.4,71,13,5.82,PT,1595556699
215,Tahoua,14.89,5.27,84.2,74,100,9.17,NE,1595556771
216,Pisco,-13.7,-76.22,63.0,82,0,1.12,PE,1595556771
217,Egvekinot,66.32,-179.17,63.63,52,67,1.95,RU,1595556771
218,Upata,8.01,-62.4,80.01,84,100,4.0,VE,1595556771
219,Harper,4.38,-7.72,75.02,88,90,8.59,LR,1595556771
220,La Ronge,55.1,-105.28,75.2,78,75,11.41,CA,1595556709
221,Boa Vista,2.82,-60.67,78.8,83,75,2.24,BR,1595556771
222,Mossamedes,-15.2,12.15,65.84,70,0,3.44,AO,1595556723
223,Isangel,-19.55,169.27,80.6,78,75,12.75,VU,1595556717
224,Hamilton,39.18,-84.53,75.0,94,90,4.7,US,1595556697
225,Villa María,-32.41,-63.24,39.99,86,4,8.01,AR,1595556772
226,Malanje,-9.54,16.34,55.65,39,0,3.24,AO,1595556772
227,Rosarito,32.33,-117.03,71.01,68,5,10.29,MX,1595556772
228,Port Blair,11.67,92.75,78.8,88,75,2.98,IN,1595556772
229,Faya,18.39,42.45,69.8,88,73,6.93,SA,1595556772
230,Tromsø,69.65,18.96,48.2,93,90,8.05,NO,1595556772
231,Arlit,18.74,7.39,91.18,37,67,9.71,NE,1595556772
232,Half Moon Bay,37.46,-122.43,73.0,87,90,5.82,US,1595556773
233,Kudahuvadhoo,2.67,72.89,82.53,75,99,9.71,MV,1595556773
234,Toumodi,6.56,-5.02,75.0,100,74,4.0,CI,1595556773
235,Portree,57.41,-6.19,52.0,92,94,1.99,GB,1595556773
236,Vila Franca do Campo,37.72,-25.43,62.6,77,20,3.36,PT,1595556578
237,Montego Bay,18.47,-77.92,84.2,66,40,4.7,JM,1595556773
238,Port Elizabeth,-33.92,25.57,63.28,31,0,7.49,ZA,1595556610
239,Pangnirtung,66.15,-65.71,51.94,74,69,2.53,CA,1595556773
240,Okato,-39.2,173.88,55.0,50,16,8.01,NZ,1595556774
241,Vera Cruz,-12.63,-41.03,62.6,100,0,1.12,BR,1595556774
242,Geraldton,-28.77,114.6,57.2,76,0,9.17,AU,1595556552
243,Severo-Kuril'sk,50.68,156.12,51.12,84,100,5.66,RU,1595556703
244,Sertânia,-8.07,-37.26,62.92,90,23,4.83,BR,1595556774
245,Ketchikan,55.34,-131.65,57.2,93,90,5.82,US,1595556774
246,Joshīmath,30.57,79.57,69.78,43,26,0.2,IN,1595556774
247,Kyrenia,35.34,33.32,77.0,53,0,12.75,CY,1595556774
248,Saskylakh,71.92,114.08,61.54,76,91,8.72,RU,1595556715
249,Norman Wells,65.28,-126.83,62.6,59,75,10.29,CA,1595556705
250,Sinnamary,5.38,-52.95,77.7,84,100,5.48,GF,1595556775
251,Guča,43.78,20.23,64.4,100,75,1.12,RS,1595556775
252,Bumba,2.18,22.47,70.29,95,100,2.55,CD,1595556775
253,Atambua,-9.11,124.89,80.74,42,3,3.18,ID,1595556775
254,Faanui,-16.48,-151.75,77.4,81,1,21.47,PF,1595556621
255,Zhigansk,66.77,123.37,68.99,60,21,16.67,RU,1595556775
256,Makkah al Mukarramah,21.43,39.83,80.82,67,57,3.65,SA,1595556775
257,Honiara,-9.43,159.95,86.0,74,40,13.87,SB,1595556776
258,Kalmunai,7.42,81.82,80.67,76,55,5.68,LK,1595556546
259,Songjianghe,42.19,127.48,76.37,45,100,6.69,CN,1595556776
260,Thompson,55.74,-97.86,82.4,58,20,9.17,CA,1595556615
261,Lonār,19.98,76.53,74.25,92,82,7.56,IN,1595556776
262,Nieuw Amsterdam,5.88,-55.08,78.01,92,99,6.76,SR,1595556776
263,Saint-Philippe,-21.36,55.77,66.2,59,90,18.34,RE,1595556706
264,Ancud,-41.87,-73.82,42.01,93,75,1.12,CL,1595556679
265,Yar-Sale,66.83,70.83,55.44,67,26,10.36,RU,1595556777
266,Marsh Harbour,26.54,-77.06,83.14,76,0,16.28,BS,1595556777
267,Laas,46.62,10.7,57.99,100,100,1.21,IT,1595556701
268,Guarapari,-20.67,-40.5,64.4,93,0,3.36,BR,1595556777
269,At-Bashi,41.17,75.81,65.39,36,0,1.03,KG,1595556777
270,Sur,22.57,59.53,84.54,69,3,11.54,OM,1595556720
271,Cidreira,-30.18,-50.21,64.83,82,88,8.37,BR,1595556715
272,Utete,-7.99,38.76,63.39,82,0,2.1,TZ,1595556777
273,Narsaq,60.92,-46.05,51.8,81,100,2.24,GL,1595556722
274,Waipawa,-41.41,175.52,54.0,62,6,5.82,NZ,1595556628
275,Ghanzi,-21.57,21.78,44.06,61,0,9.69,BW,1595556778
276,Zyryanka,65.75,150.85,86.81,27,0,6.17,RU,1595556778
277,Hearst,49.68,-83.67,67.23,57,26,6.93,CA,1595556778
278,Carrollton,32.95,-96.89,91.4,46,40,12.75,US,1595556692
279,Pangkalanbuun,-2.68,111.62,80.47,88,19,4.21,ID,1595556565
280,Souillac,-20.52,57.52,66.31,68,56,23.71,MU,1595556778
281,Bilma,18.69,12.92,84.25,17,0,5.57,NE,1595556702
282,Balikpapan,-1.27,116.83,78.8,100,75,5.82,ID,1595556778
283,Cássia,-20.58,-46.92,60.64,56,0,1.34,BR,1595556778
284,Moose Factory,51.26,-80.61,73.4,60,1,5.82,CA,1595556723
285,Daru,-9.08,143.21,79.56,79,46,15.95,PG,1595556779
286,Luckenwalde,52.08,13.17,55.99,87,40,2.24,DE,1595556779
287,Suzun,53.78,82.31,61.0,62,100,5.55,RU,1595556779
288,Tuatapere,-46.13,167.68,46.2,69,85,11.01,NZ,1595556709
289,Raudeberg,61.99,5.14,50.0,76,6,6.93,NO,1595556779
290,Klaksvík,62.23,-6.59,50.0,100,100,11.41,FO,1595556567
291,Amlapura,-8.45,115.62,80.6,88,40,16.11,ID,1595556779
292,Tanabe,33.73,135.37,82.4,83,75,10.29,JP,1595556779
293,Longyearbyen,78.22,15.64,46.4,93,75,6.93,SJ,1595556680
294,Baykit,61.67,96.37,53.92,82,100,6.76,RU,1595556780
295,Saint-Paul,-21.01,55.27,64.4,59,87,25.28,RE,1595556780
296,Leningradskiy,69.38,178.42,45.54,72,100,11.74,RU,1595556708
297,Celina,40.55,-84.57,75.99,83,1,3.36,US,1595556780
298,Tres Arroyos,-38.37,-60.28,47.01,87,100,18.3,AR,1595556780
299,Porto Velho,-8.76,-63.9,75.2,88,63,1.12,BR,1595556706
300,Rafaela,-31.25,-61.49,46.0,64,55,8.99,AR,1595556781
301,Gondanglegi,-7.75,112.01,79.52,66,98,12.26,ID,1595556781
302,Cariati,39.49,16.96,71.01,66,0,5.77,IT,1595556781
303,Zaysan,47.47,84.87,75.76,37,1,1.74,KZ,1595556781
304,Aswān,24.09,32.91,85.37,19,44,9.08,EG,1595556781
305,Constitución,-35.33,-72.42,47.1,81,1,3.69,CL,1595556746
306,Istra,55.92,36.86,54.0,81,43,4.47,RU,1595556781
307,Cabo San Lucas,22.89,-109.91,88.0,73,5,17.22,MX,1595556782
308,Gualeguay,-33.14,-59.31,48.69,89,100,10.25,AR,1595556782
309,Bengkulu,-3.8,102.27,78.28,82,97,2.35,ID,1595556702
310,Sundumbili,-29.13,31.4,48.2,87,0,1.12,ZA,1595556782
311,‘Āhuimanu,21.44,-157.84,87.8,62,20,11.41,US,1595556782
312,Beringovskiy,63.05,179.32,53.13,65,88,8.5,RU,1595556631
313,Visaginas,55.6,26.42,44.65,97,2,6.08,LT,1595556782
314,Adrar,20.5,-10.07,95.56,22,0,11.52,MR,1595556782
315,Saint George,37.1,-113.58,89.6,25,1,18.34,US,1595556672
316,Kiryat Gat,31.61,34.76,75.0,62,0,5.03,IL,1595556725
317,Bathsheba,13.22,-59.52,82.4,69,75,10.29,BB,1595556783
318,Glyadyanskoye,54.91,65.09,64.65,83,87,17.25,RU,1595556783
319,Sabzawār,36.21,57.68,77.49,47,0,7.58,IR,1595556783
320,Khromtau,50.25,58.43,63.9,80,53,20.13,KZ,1595556783
321,Saurimo,-9.66,20.39,57.18,42,0,6.58,AO,1595556783
322,Camocim,-2.9,-40.84,78.13,73,100,13.65,BR,1595556783
323,Marabu,4.41,114.01,78.8,94,40,5.82,MY,1595556783
324,Gorontalo,0.54,123.06,85.48,64,59,8.46,ID,1595556721
325,Tomaszów Lubelski,50.45,23.42,57.0,88,12,1.45,PL,1595556784
326,Krasnovishersk,60.41,57.08,59.11,57,0,6.53,RU,1595556784
327,Imuris,30.78,-110.87,76.06,70,100,0.83,MX,1595556784
328,Santa Rosa,14.31,121.11,89.01,74,40,2.24,PH,1595556703
329,Dicabisagan,17.08,122.42,88.56,63,84,6.38,PH,1595556784
330,Rio Grande,-32.03,-52.1,66.99,88,100,13.35,BR,1595556721
331,Lábrea,-7.26,-64.8,77.83,62,47,0.49,BR,1595556785
332,Eyl,7.98,49.82,76.98,60,100,23.09,SO,1595556785
333,Vardø,70.37,31.11,57.33,86,39,10.65,NO,1595556785
334,Sennoy,52.15,46.96,55.02,84,0,4.36,RU,1595556785
335,General Roca,-39.03,-67.58,32.0,87,98,5.82,AR,1595556785
336,Tiarei,-17.53,-149.33,77.0,73,75,3.36,PF,1595556785
337,Solton,52.84,86.48,63.32,85,48,3.98,RU,1595556785
338,Necochea,-38.55,-58.74,46.99,33,90,11.99,AR,1595556785
339,Baykal'sk,51.51,104.15,62.02,65,67,2.37,RU,1595556786
340,Sisimiut,66.94,-53.67,48.22,81,100,8.28,GL,1595556786
341,Oranjestad,12.52,-70.03,82.4,74,20,16.11,AW,1595556786
342,Puerto del Rosario,28.5,-13.86,71.6,83,8,13.87,ES,1595556786
343,Sibiti,-3.68,13.35,63.81,83,38,2.15,CG,1595556786
344,Puerto Colombia,10.99,-74.95,82.4,83,20,5.82,CO,1595556786
345,Salinópolis,-0.61,-47.36,78.91,83,74,11.59,BR,1595556564
346,Kavaratti,10.57,72.64,82.24,80,100,12.39,IN,1595556786
347,Pangody,65.85,74.49,53.69,63,0,14.43,RU,1595556786
348,Osoyoos,49.03,-119.45,86.0,23,20,14.99,CA,1595556787
349,Hong Kong,22.29,114.16,90.0,70,71,11.01,HK,1595556707
350,Monrovia,6.3,-10.8,76.1,86,100,9.46,LR,1595556725
351,Tirumala,13.68,79.35,75.2,94,75,2.24,IN,1595556787
352,Sukumo,32.93,132.73,78.49,92,100,10.94,JP,1595556787
353,Matagami,49.75,-77.63,64.4,68,1,2.59,CA,1595556718
354,Pandan,14.05,124.17,87.24,65,69,4.38,PH,1595556787
355,Yaransk,57.3,47.89,52.7,94,2,7.49,RU,1595556787
356,Ginda,30.69,78.49,68.29,65,0,0.09,IN,1595556787
357,Walvis Bay,-22.96,14.51,68.0,18,0,14.99,NA,1595556787
358,Huarmey,-10.07,-78.15,61.02,88,59,9.89,PE,1595556708
359,Yinchuan,38.47,106.27,79.41,50,29,4.43,CN,1595556788
360,Beroroha,-21.67,45.17,59.88,66,0,6.89,MG,1595556788
361,Caesarea,32.52,34.9,78.01,83,40,8.05,IL,1595556788
362,Sobolevo,54.43,31.9,47.68,93,100,5.17,RU,1595556709
363,Lithgow,-33.48,150.15,61.0,68,0,1.01,AU,1595556788
364,Codrington,-38.27,141.97,52.25,70,100,12.95,AU,1595556700
365,Nerchinskiy Zavod,51.31,119.61,78.76,55,99,10.4,RU,1595556724
366,Gizo Government Station,-8.1,156.84,83.89,76,79,9.48,SB,1595556574
367,Santa Maria,-29.68,-53.81,73.4,60,100,9.17,BR,1595556789
368,Charyshskoye,51.4,83.56,66.63,67,100,3.27,RU,1595556789
369,Hauterive,46.09,3.45,66.2,68,98,3.36,FR,1595556789
370,Boda,4.32,17.47,68.43,95,98,0.38,CF,1595556789
371,Kumul,42.8,93.45,78.78,43,96,2.84,CN,1595556704
372,Vila Velha,-20.33,-40.29,64.4,93,0,3.36,BR,1595556705
373,La Santisima Trinidad,-14.83,-64.9,76.57,58,49,2.1,BO,1595556789
374,Karratha,-20.74,116.85,76.05,37,0,11.83,AU,1595556670
375,Marsciano,42.91,12.34,66.99,88,0,5.82,IT,1595556790
376,Ola,59.58,151.28,63.79,60,29,7.16,RU,1595556790
377,Manacapuru,-3.3,-60.62,75.2,94,73,2.06,BR,1595556790
378,Banda Aceh,5.56,95.32,81.57,73,100,4.27,ID,1595556702
379,Melbu,68.5,14.83,50.0,89,100,7.0,NO,1595556790
380,Neryungri,56.67,124.65,59.74,88,100,6.26,RU,1595556790
381,Wukari,7.85,9.78,72.57,90,54,8.08,NG,1595556790
382,Lata,40.16,-8.33,63.0,88,2,1.99,PT,1595556791
383,Ati,13.22,18.34,80.94,61,100,9.44,TD,1595556791
384,Broome,42.25,-75.83,71.01,88,20,4.7,US,1595556710
385,Alvdal,62.11,10.63,35.6,100,39,4.7,NO,1595556791
386,San Cristobal,7.77,-72.22,64.96,92,88,2.19,VE,1595556658
387,Cap-aux-Meules,47.38,-61.86,64.4,93,40,4.7,CA,1595556791
388,Arroyo de la Encomienda,41.61,-4.8,64.99,82,95,8.05,ES,1595556791
389,Barcelos,41.54,-8.62,66.0,93,40,3.36,PT,1595556791
390,Sørland,67.67,12.69,52.23,89,100,26.62,NO,1595556792
391,Ambilobe,-13.2,49.05,67.39,64,68,2.62,MG,1595556792
392,Pervomayskoye,43.92,46.71,72.7,48,0,3.13,RU,1595556792
393,Calvinia,-31.47,19.78,52.38,38,0,9.53,ZA,1595556792
394,Poum,-20.23,164.02,74.17,73,0,14.34,NC,1595556792
395,Lima,-12.04,-77.03,60.8,82,75,8.05,PE,1595556636
396,Jalu,29.03,21.55,73.31,69,0,8.08,LY,1595556792
397,Havelock,34.88,-76.9,84.99,84,60,3.0,US,1595556699
398,Gushikawa,26.35,127.87,87.8,79,20,16.11,JP,1595556793
399,Guanare,9.04,-69.74,73.24,92,60,2.3,VE,1595556793
400,Krasnogorskoye,52.3,86.2,65.28,73,2,2.39,RU,1595556793
401,Ust-Maya,60.42,134.53,77.76,40,0,6.04,RU,1595556793
402,Darhan,49.49,105.92,67.98,62,61,1.34,MN,1595556793
403,El Rodeo (El Naranjo),21.47,-98.6,80.47,77,79,7.7,MX,1595556793
404,Bereda,43.27,-7.54,60.01,100,58,1.9,ES,1595556793
405,Āsosa,10.07,34.53,60.57,99,100,2.48,ET,1595556793
406,Zeya,53.75,127.27,75.13,58,95,8.41,RU,1595556793
407,Pleshanovo,52.83,53.48,60.28,95,18,9.22,RU,1595556793
408,Weligama,5.97,80.42,75.87,91,100,10.85,LK,1595556794
409,Luján,-34.57,-59.1,48.99,97,100,4.0,AR,1595556794
410,Phalombe,-15.81,35.65,52.09,89,16,3.74,MW,1595556794
411,Mopti,14.67,-4.0,90.34,46,5,14.97,ML,1595556794
412,Gisborne,-38.65,178.0,57.99,41,0,11.01,NZ,1595556790
413,Yokadouma,3.52,15.05,68.27,92,99,2.28,CM,1595556794
414,Lufilufi,-13.87,-171.6,89.6,70,40,12.75,WS,1595556794
415,Sechura,-5.56,-80.82,63.75,79,28,17.78,PE,1595556794
416,Ukiah,39.15,-123.21,91.4,22,1,6.85,US,1595556794
417,Tonantins,-2.87,-67.8,74.41,88,40,1.99,BR,1595556794
418,Ţahţā,26.77,31.5,82.4,34,0,6.93,EG,1595556795
419,Santa Vitória,-18.84,-50.12,68.92,40,0,7.07,BR,1595556795
420,Mahibadhoo,3.78,72.97,81.18,78,97,12.77,MV,1595556490
421,Ossora,59.24,163.07,68.31,46,3,3.02,RU,1595556795
422,Praia,14.92,-23.51,77.85,83,61,9.93,CV,1595556795
423,Mpika,-11.83,31.45,50.16,77,53,10.63,ZM,1595556724
424,Nanortalik,60.14,-45.24,45.12,92,100,9.31,GL,1595556568
425,Marzuq,14.4,46.47,76.15,62,32,6.53,YE,1595556795
426,Vilhena,-12.74,-60.15,72.34,44,0,4.29,BR,1595556795
427,Maniitsoq,65.42,-52.9,47.21,88,100,1.9,GL,1595556778
428,College,64.86,-147.8,64.4,55,75,8.05,US,1595556716
429,Samarai,-10.62,150.67,79.23,83,76,12.1,PG,1595556796
430,Iztapa,13.93,-90.71,79.09,85,92,6.49,GT,1595556796
431,Tamandaré,-8.76,-35.1,74.14,81,32,9.57,BR,1595556796
432,Baharly,38.44,57.43,84.94,34,0,3.6,TM,1595556796
433,Porto-Vecchio,41.59,9.28,75.2,73,0,11.41,FR,1595556796
434,Srednekolymsk,67.45,153.68,89.22,28,3,6.91,RU,1595556725
435,Touros,-5.2,-35.46,73.4,88,40,6.93,BR,1595556796
436,Keta,5.92,0.99,75.2,94,40,11.41,GH,1595556796
437,Genhe,50.78,121.52,89.47,27,0,7.58,CN,1595556797
438,La Serena,-29.91,-71.25,52.23,69,74,0.81,CL,1595556657
439,Espoo,60.25,24.67,55.4,76,100,8.05,FI,1595556537
440,Carballo,43.21,-8.69,60.8,93,13,1.72,ES,1595556797
441,Olinda,-8.01,-34.86,73.4,88,75,4.7,BR,1595556797
442,San Patricio,19.22,-104.7,82.4,74,75,6.67,MX,1595556551
443,Gujar Khan,33.26,73.3,84.0,83,20,8.05,PK,1595556797
444,Corowa,-36.03,146.38,48.0,97,81,5.1,AU,1595556797
445,Dudinka,69.41,86.18,48.2,81,72,22.37,RU,1595556797
446,Abalak,58.13,68.59,57.72,68,16,4.9,RU,1595556798
447,Halifax,44.65,-63.57,69.01,94,100,5.59,CA,1595556703
448,Wad Medani,14.4,33.52,81.05,55,100,14.36,SD,1595556798
449,Tutóia,-2.76,-42.27,79.41,80,99,11.3,BR,1595556798
450,Sistranda,63.73,8.83,51.8,81,40,11.41,NO,1595556798
451,San Ramon,37.78,-121.98,78.01,56,1,13.87,US,1595556798
452,Altamont,42.21,-121.74,80.6,28,1,12.75,US,1595556798
453,Kaeo,-35.1,173.78,60.01,3,51,10.0,NZ,1595556798
454,Seminole,28.71,-81.21,77.0,94,91,5.88,US,1595556773
455,Havre-St-Pierre,50.23,-63.6,59.0,87,1,3.36,CA,1595556799
456,Port Hedland,-20.32,118.57,78.8,26,0,8.05,AU,1595556799
457,San Policarpo,12.18,125.51,85.5,68,100,4.0,PH,1595556571
458,Fare,-16.7,-151.02,77.94,79,35,20.74,PF,1595556799
459,Terme,41.21,36.97,71.6,73,40,8.05,TR,1595556799
460,Martaban,16.53,97.61,83.08,77,19,4.25,MM,1595556799
461,Aksha,50.28,113.29,76.42,57,100,7.27,RU,1595556799
462,Thessalon,46.25,-83.57,64.4,77,1,8.43,CA,1595556800
463,Flinders,-34.58,150.86,66.0,63,0,11.99,AU,1595556800
464,Santiago,-33.46,-70.65,46.4,75,75,4.7,CL,1595556526
465,Savannakhet,16.57,104.75,82.4,83,40,2.24,LA,1595556800
466,Dubbo,-32.25,148.62,59.0,62,0,11.41,AU,1595556800
467,Jiazi,22.88,116.07,88.43,65,100,8.66,CN,1595556800
468,Forsytheganj,52.63,29.73,48.13,95,0,5.5,BY,1595556800
469,Valle de Allende,26.93,-105.4,77.13,49,95,10.25,MX,1595556800
470,Salalah,17.02,54.09,78.8,88,75,10.29,OM,1595556704
471,Loreto,22.27,-101.97,72.03,50,43,14.65,MX,1595556801
472,Mount Isa,-20.73,139.5,75.2,36,0,9.17,AU,1595556664
473,Beïnamar,8.67,15.38,72.03,91,100,1.97,TD,1595556801
474,Isabela,6.71,121.97,78.8,94,90,1.12,PH,1595556801
475,Moultrie,31.18,-83.79,75.2,100,1,5.61,US,1595556801
476,Chiredzi,-21.05,31.67,57.33,67,68,5.59,ZW,1595556801
477,Fort Carson,38.74,-104.79,82.4,24,75,4.7,US,1595556801
478,Bagotville,-28.98,153.42,62.6,88,75,10.29,AU,1595556785
479,Nelson Bay,-32.72,152.15,64.99,82,40,9.17,AU,1595556801
480,Chicama,-7.84,-79.15,61.59,82,25,5.3,PE,1595556801
481,Kalabo,-14.97,22.68,50.65,56,34,7.14,ZM,1595556802
482,Brae,60.4,-1.35,50.0,93,20,5.82,GB,1595556802
483,Clovis,36.83,-119.7,91.99,27,20,12.75,US,1595556802
484,Biała Podlaska,52.03,23.12,49.78,90,0,3.91,PL,1595556802
485,Tsimmerbude,54.67,20.13,51.8,93,2,4.47,RU,1595556802
486,Taoudenni,22.68,-3.98,98.38,11,0,4.47,ML,1595556628
487,Puro,12.48,123.38,85.5,72,100,7.99,PH,1595556802
488,Arrondissement de Bastia,42.67,9.33,75.0,83,55,3.36,FR,1595556665
489,San Joaquin,10.26,-67.79,72.32,89,41,3.11,VE,1595556803
490,Uray,60.12,64.78,59.09,61,83,4.56,RU,1595556803
491,Buritis,-15.62,-46.42,62.78,43,0,0.65,BR,1595556618
492,Chernyshevskiy,63.01,112.47,69.12,64,2,5.39,RU,1595556803
493,Ixtapa,20.7,-105.2,79.0,88,90,4.7,MX,1595556803
494,Antalaha,-14.9,50.28,67.89,88,100,14.7,MG,1595556803
495,Puerto Carreño,6.19,-67.49,77.74,81,100,2.82,CO,1595556804
496,Houma,29.6,-90.72,79.0,88,90,6.93,US,1595556600
497,Puerto Escondido,15.85,-97.07,81.27,76,87,3.98,MX,1595556722
498,Lethem,3.38,-59.8,75.56,86,46,3.83,GY,1595556804
499,Aasiaat,68.71,-52.87,45.84,79,90,12.01,GL,1595556804
500,Cametá,-2.24,-49.5,79.59,76,98,4.61,BR,1595556804
501,Umluj,25.02,37.27,84.81,60,20,5.37,SA,1595556645
502,Rāni,25.35,73.31,84.9,70,47,10.36,IN,1595556804
503,Tubmanburg,6.87,-10.82,72.54,96,100,2.26,LR,1595556804
504,Knin,44.04,16.2,70.0,85,0,5.03,HR,1595556804
505,Vágur,61.47,-6.81,51.93,92,100,13.73,FO,1595556805
506,Auki,-8.77,160.7,86.41,66,0,5.17,SB,1595556805
507,Khani,41.96,42.96,69.8,94,98,1.12,GE,1595556713
508,Safaga,26.73,33.94,86.0,33,0,9.17,EG,1595556805
509,Orán,-23.13,-64.33,54.0,72,23,3.38,AR,1595556570
510,Vredendal,-31.67,18.5,62.51,28,0,12.33,ZA,1595556805
511,Chara,56.91,118.26,62.26,82,100,4.43,RU,1595556717
512,Praia da Vitória,38.73,-27.07,64.4,88,10,3.74,PT,1595556661
513,Tshikapa,-6.42,20.8,65.8,40,0,2.71,CD,1595556805
514,Ardakān,32.31,54.02,78.8,14,0,2.24,IR,1595556805
515,Mpanda,-6.37,31.04,58.93,63,43,3.65,TZ,1595556806
516,Waddān,29.16,16.14,68.04,67,0,1.66,LY,1595556806
517,Talnakh,69.49,88.4,48.2,81,23,22.37,RU,1595556806
518,Kruisfontein,-34.0,24.73,61.81,28,0,9.37,ZA,1595556700
519,Namatanai,-3.67,152.43,83.73,76,96,11.23,PG,1595556806
520,Vestmannaeyjar,63.44,-20.27,50.09,83,66,12.97,IS,1595556690
521,Quang Ngai,15.12,108.8,87.69,58,59,4.76,VN,1595556806
522,Tabuk,17.42,121.44,85.73,67,14,5.21,PH,1595556806
523,Alice Springs,-23.7,133.88,64.4,31,0,4.7,AU,1595556714
524,Roboré,-18.33,-59.75,71.28,42,0,1.92,BO,1595556807
525,Fort Nelson,58.81,-122.7,66.2,59,75,4.7,CA,1595556807
526,Yerbogachën,61.28,108.01,68.0,58,0,6.51,RU,1595556807
527,Yārāda,17.65,83.27,78.8,88,75,2.24,IN,1595556807
528,Coyhaique,-45.58,-72.07,19.4,92,7,3.36,CL,1595556575
529,Richards Bay,-28.78,32.04,58.12,77,1,4.97,ZA,1595556807
530,Galle,6.04,80.22,76.35,90,100,9.91,LK,1595556807
531,Bahía Solano,6.23,-77.4,76.91,86,100,5.97,CO,1595556807
532,Rudnogorsk,57.26,103.75,69.8,49,39,6.87,RU,1595556808
533,Ostrovnoy,68.05,39.51,60.4,84,98,8.9,RU,1595556808
534,Merzifon,40.87,35.46,59.0,72,20,2.24,TR,1595556808
535,Ionia,42.99,-85.07,71.01,68,1,6.93,US,1595556808
536,Linhares,-19.39,-40.07,66.74,81,48,3.24,BR,1595556808
537,Vila Nova de Milfontes,37.72,-8.78,63.0,89,0,7.23,PT,1595556808
538,Kajaani,64.23,27.73,50.0,100,40,5.82,FI,1595556808
539,Fuerte Olimpo,-21.04,-57.87,72.34,45,0,4.76,PY,1595556809
540,Coahuayana Viejo,18.73,-103.68,77.29,89,100,1.66,MX,1595556704
541,Sarh,9.14,18.39,71.49,92,97,0.54,TD,1595556809
542,Erenhot,43.65,111.98,86.99,31,0,13.2,CN,1595556671
543,São João da Barra,-21.64,-41.05,70.88,80,0,11.9,BR,1595556565
544,Quemado de Güines,22.79,-80.25,75.2,88,75,4.7,CU,1595556809
545,Bud,39.45,-86.18,78.8,61,1,5.82,US,1595556809
546,Makakilo City,21.35,-158.09,89.6,40,20,6.93,US,1595556518
547,Tadine,-21.55,167.88,73.69,73,38,15.84,NC,1595556809
548,Batagay,67.63,134.63,82.51,28,0,8.05,RU,1595556809
549,Villamontes,-21.25,-63.5,58.05,58,100,4.12,BO,1595556810
550,Vestmanna,62.16,-7.17,50.0,100,100,11.41,FO,1595556810
551,Xiaoshi,41.3,124.12,82.4,69,100,2.24,CN,1595556810
552,Balkhash,46.84,74.98,69.8,68,40,26.84,KZ,1595556810
553,Agua Verde,22.9,-106.05,86.0,74,40,5.82,MX,1595556810
554,Tautira,-17.73,-149.15,77.0,73,75,3.36,PF,1595556810
555,Mangalore,12.87,74.88,75.2,100,90,6.93,IN,1595556810
556,Giohar,2.78,45.5,74.71,67,84,17.9,SO,1595556605
557,Weihai,37.5,122.11,71.13,80,99,14.63,CN,1595556811
558,Clarence Town,-32.58,151.78,66.0,82,40,9.17,AU,1595556688
559,Sangīn,32.07,64.84,82.96,14,0,5.57,AF,1595556811
560,Arteaga,18.47,-102.42,66.49,99,100,2.44,MX,1595556811
561,Elmadağ,39.92,33.23,66.2,67,0,6.93,TR,1595556811
562,Benjamin Constant,-4.38,-70.03,75.2,100,97,0.65,BR,1595556811
563,Dahuk,36.87,42.99,82.89,19,0,4.47,IQ,1595556811
564,Nago,26.59,127.98,87.8,79,20,16.11,JP,1595556811
565,General Pico,-35.66,-63.76,41.0,82,92,14.72,AR,1595556811
566,Byron Bay,-28.65,153.62,62.6,88,75,10.29,AU,1595556624
567,Kandrian,-6.22,149.55,83.73,74,92,14.67,PG,1595556812
568,Najrān,17.49,44.13,82.4,37,23,6.93,SA,1595556812
569,Yulara,-25.24,130.99,59.0,41,0,2.24,AU,1595556718
570,Peniche,39.36,-9.38,64.0,85,0,7.0,PT,1595556812
571,Sunrise Manor,36.21,-115.07,102.2,7,1,16.11,US,1595556812
572,Saint-Pierre,-21.34,55.48,66.2,59,90,18.34,RE,1595556812
573,Charters Towers,-20.1,146.27,70.83,54,0,5.17,AU,1595556704
574,Sarankhola,22.31,89.79,80.22,90,100,4.09,BD,1595556813
575,Avera,33.19,-82.53,75.2,63,40,8.28,US,1595556813
576,Mil'kovo,54.72,158.62,68.77,49,8,1.59,RU,1595556813
577,Belfast,54.58,-5.93,54.0,81,75,3.36,GB,1595556596
578,Alyangula,-13.85,136.42,82.4,48,75,11.41,AU,1595556716
579,Olden,61.84,6.81,44.01,96,0,1.01,NO,1595556813
580,Kenai,60.55,-151.26,66.2,67,1,16.11,US,1595556813
581,Tabou,4.42,-7.35,75.0,88,100,7.85,CI,1595556813
582,Pedernales,18.04,-71.74,81.5,71,26,7.05,DO,1595556814
583,Cortez,37.35,-108.59,66.2,72,90,3.36,US,1595556729
584,Doaba,33.42,70.74,84.74,42,12,2.71,PK,1595556814
585,Yuanping,38.72,112.76,78.37,49,0,2.13,CN,1595556814
586,Voi,-3.39,38.56,62.51,84,14,5.88,KE,1595556814
587,Bambanglipuro,-7.95,110.28,80.56,67,98,12.97,ID,1595556814
588,Saint-Raphaël,19.43,-72.2,73.92,84,84,4.09,HT,1595556814
589,Jumla,29.27,82.18,66.0,62,68,0.65,NP,1595556814
590,Oistins,13.07,-59.53,82.4,69,75,10.29,BB,1595556814
